{"cameraMode":{"drawMode":0,"name":"Shaded","section":"Shading Mode"},"sceneLighting":false,"audioPlay":false,"sceneViewState":{"m_AlwaysRefresh":false,"showFog":true,"showSkybox":false,"showFlares":true,"showImageEffects":true,"showParticleSystems":true,"showVisualEffectGraphs":true,"m_FxEnabled":true},"in2DMode":false,"pivot":{"x":-739.1071166992188,"y":159.5039520263672,"z":205.9385986328125},"rotation":{"x":0.25727716088294985,"y":-0.14092345535755158,"z":0.038015712052583697,"w":0.9552705883979797},"size":0.08659863471984863,"orthographic":false}